Trajectory_A,Trajectory_B,Preference
Max-util_seed62.csv,Max-util_seed55.csv,Trajectory_B
Max-util_seed48.csv,Max-util_seed76.csv,Trajectory_B
Max-util_seed2.csv,Max-util_seed11.csv,Trajectory_B
Max-util_seed99.csv,Max-util_seed83.csv,Trajectory_A
Max-util_seed17.csv,Max-util_seed32.csv,Trajectory_B
Max-util_seed37.csv,Max-util_seed57.csv,Trajectory_B
Max-util_seed90.csv,Max-util_seed27.csv,Trajectory_B
Max-util_seed6.csv,Max-util_seed65.csv,Trajectory_A
Max-util_seed54.csv,Max-util_seed34.csv,Trajectory_A
Max-util_seed36.csv,Max-util_seed33.csv,Trajectory_A
Max-util_seed14.csv,Max-util_seed42.csv,Trajectory_A
Max-util_seed92.csv,Max-util_seed94.csv,Trajectory_A
Max-util_seed30.csv,Max-util_seed75.csv,Trajectory_A
Max-util_seed78.csv,Max-util_seed99.csv,Trajectory_B
Max-util_seed65.csv,Max-util_seed42.csv,Trajectory_B
Max-util_seed88.csv,Max-util_seed52.csv,Trajectory_A
Max-util_seed6.csv,Max-util_seed95.csv,Trajectory_A
Max-util_seed20.csv,Max-util_seed7.csv,Trajectory_A
Max-util_seed26.csv,Max-util_seed75.csv,Trajectory_A
Max-util_seed98.csv,Max-util_seed28.csv,Trajectory_B
Max-util_seed90.csv,Max-util_seed86.csv,Trajectory_B
Max-util_seed8.csv,Max-util_seed79.csv,Trajectory_B
Max-util_seed83.csv,Max-util_seed18.csv,Trajectory_A
Max-util_seed35.csv,Max-util_seed41.csv,Trajectory_B
Max-util_seed85.csv,Max-util_seed34.csv,Trajectory_A
Max-util_seed55.csv,Max-util_seed41.csv,Trajectory_B
Max-util_seed73.csv,Max-util_seed86.csv,Trajectory_B
Max-util_seed11.csv,Max-util_seed27.csv,Trajectory_A
Max-util_seed71.csv,Max-util_seed53.csv,Trajectory_B
Max-util_seed4.csv,Max-util_seed70.csv,Trajectory_B
Max-util_seed78.csv,Max-util_seed99.csv,Trajectory_B
Max-util_seed19.csv,Max-util_seed85.csv,Trajectory_B
Max-util_seed36.csv,Max-util_seed29.csv,Trajectory_A
Max-util_seed12.csv,Max-util_seed18.csv,Trajectory_A
